Site,Partition,&alpha;,&beta;,&beta;-&alpha;,Prob[&alpha;>&beta;],Prob[&alpha;<&beta;],BayesFactor[&alpha;<&beta;]
1,1,"2.400","0.192","-2.209","0.808","0.141","0.199"
2,1,"0.708","0.720","0.012","0.426","0.498","1.206"
3,1,"0.443","5.548","5.105","0.000","0.997","359.064"
4,1,"0.475","0.369","-0.106","0.539","0.386","0.763"
5,1,"0.654","0.758","0.105","0.362","0.581","1.684"
6,1,"2.977","0.550","-2.427","0.969","0.017","0.021"
7,1,"0.714","3.643","2.929","0.043","0.921","14.212"
8,1,"0.423","2.008","1.585","0.060","0.916","13.291"
9,1,"1.123","3.260","2.137","0.052","0.868","8.009"
10,1,"0.604","0.920","0.316","0.309","0.637","2.133"
11,1,"0.776","1.953","1.177","0.152","0.792","4.639"
12,1,"0.662","0.648","-0.014","0.401","0.539","1.421"
13,1,"0.639","6.080","5.441","0.000","0.997","444.413"
14,1,"0.685","0.921","0.237","0.339","0.589","1.743"
15,1,"0.440","0.728","0.287","0.240","0.705","2.909"
16,1,"2.809","1.017","-1.792","0.810","0.109","0.148"
17,1,"0.487","0.172","-0.314","0.706","0.207","0.317"
18,1,"0.358","2.636","2.277","0.009","0.984","74.813"
19,1,"0.654","0.758","0.105","0.362","0.581","1.684"
20,1,"0.684","0.931","0.247","0.336","0.593","1.766"
21,1,"0.650","0.748","0.097","0.324","0.618","1.967"
22,1,"0.403","3.129","2.725","0.003","0.991","133.176"
23,1,"0.734","0.249","-0.484","0.703","0.231","0.366"
24,1,"0.361","2.700","2.339","0.015","0.977","51.388"
25,1,"0.370","1.513","1.143","0.074","0.898","10.746"
26,1,"0.459","0.644","0.185","0.319","0.621","1.991"
27,1,"0.395","0.941","0.547","0.210","0.743","3.503"
28,1,"3.368","1.066","-2.302","0.736","0.198","0.299"
29,1,"0.862","0.751","-0.111","0.512","0.419","0.878"
30,1,"0.576","1.965","1.389","0.098","0.866","7.873"
31,1,"2.717","0.848","-1.869","0.674","0.273","0.455"
32,1,"0.372","1.439","1.066","0.080","0.891","9.916"
33,1,"0.418","2.104","1.686","0.041","0.939","18.718"
34,1,"1.119","1.399","0.280","0.356","0.555","1.513"
35,1,"5.035","0.834","-4.201","0.974","0.005","0.006"
36,1,"1.606","0.380","-1.226","0.822","0.144","0.204"
37,1,"0.673","0.539","-0.134","0.459","0.480","1.120"
38,1,"2.729","0.379","-2.350","0.865","0.108","0.148"
39,1,"0.754","1.144","0.390","0.303","0.645","2.209"
40,1,"0.379","1.428","1.049","0.084","0.887","9.505"
41,1,"1.129","0.917","-0.212","0.528","0.391","0.781"
42,1,"1.154","0.289","-0.865","0.877","0.094","0.125"
43,1,"0.840","0.477","-0.363","0.581","0.360","0.682"
44,1,"0.394","0.652","0.258","0.274","0.669","2.454"
45,1,"0.432","0.286","-0.146","0.577","0.339","0.623"
46,1,"0.699","0.628","-0.071","0.510","0.419","0.877"
47,1,"0.475","0.369","-0.106","0.539","0.386","0.763"
48,1,"0.944","0.354","-0.590","0.776","0.182","0.269"
49,1,"0.392","0.776","0.384","0.239","0.709","2.955"
50,1,"0.836","0.310","-0.526","0.789","0.168","0.245"
51,1,"0.404","0.247","-0.157","0.594","0.315","0.558"
52,1,"2.416","0.214","-2.202","0.791","0.157","0.227"
53,1,"3.191","0.139","-3.051","0.999","0.001","0.001"
54,1,"1.765","0.312","-1.453","0.923","0.056","0.072"
55,1,"0.388","1.008","0.621","0.152","0.806","5.038"
56,1,"0.745","0.233","-0.512","0.836","0.125","0.173"
57,1,"0.401","0.370","-0.032","0.497","0.422","0.888"
58,1,"0.841","0.478","-0.363","0.581","0.360","0.683"
59,1,"0.478","0.310","-0.169","0.582","0.340","0.626"
60,1,"2.307","0.576","-1.731","0.913","0.057","0.074"
61,1,"0.672","0.328","-0.344","0.631","0.303","0.527"
62,1,"0.850","0.412","-0.439","0.612","0.328","0.593"
63,1,"0.662","7.002","6.341","0.000","0.999","875.994"
64,1,"0.767","0.233","-0.535","0.840","0.122","0.168"
65,1,"0.850","0.419","-0.431","0.608","0.332","0.604"
66,1,"0.413","0.188","-0.225","0.655","0.249","0.402"
67,1,"0.372","7.095","6.722","0.000","1.000","21059.133"
68,1,"3.342","0.347","-2.995","0.943","0.042","0.054"
69,1,"0.715","0.359","-0.356","0.620","0.316","0.561"
70,1,"0.757","1.147","0.390","0.303","0.645","2.209"
71,1,"1.788","0.269","-1.519","0.941","0.042","0.054"
72,1,"0.405","0.243","-0.161","0.598","0.311","0.548"
73,1,"0.725","0.302","-0.423","0.660","0.275","0.460"
74,1,"0.463","0.246","-0.217","0.627","0.289","0.493"
75,1,"0.762","0.416","-0.346","0.705","0.245","0.394"
76,1,"0.385","0.778","0.393","0.233","0.715","3.041"
77,1,"0.476","0.370","-0.106","0.539","0.386","0.764"
78,1,"0.408","0.351","-0.058","0.514","0.405","0.826"
79,1,"0.478","0.313","-0.165","0.579","0.343","0.633"
80,1,"0.563","2.079","1.516","0.071","0.897","10.560"
81,1,"0.459","0.658","0.199","0.314","0.627","2.041"
82,1,"0.768","0.351","-0.417","0.747","0.205","0.314"
83,1,"0.760","1.142","0.382","0.304","0.644","2.196"
84,1,"0.448","0.530","0.082","0.368","0.568","1.596"
85,1,"0.394","0.318","-0.076","0.527","0.387","0.766"
86,1,"3.161","0.205","-2.956","0.996","0.002","0.003"
87,1,"0.410","0.280","-0.130","0.569","0.344","0.638"
88,1,"0.661","0.417","-0.245","0.577","0.359","0.681"
89,1,"0.794","0.352","-0.442","0.638","0.300","0.520"
90,1,"0.366","2.176","1.810","0.028","0.957","27.197"
91,1,"0.393","0.371","-0.023","0.491","0.428","0.907"
92,1,"0.794","0.352","-0.442","0.638","0.300","0.520"
93,1,"3.381","0.348","-3.033","0.943","0.042","0.053"
94,1,"0.463","0.246","-0.217","0.627","0.289","0.493"
95,1,"0.395","0.634","0.239","0.281","0.661","2.370"
96,1,"0.388","0.993","0.605","0.155","0.803","4.947"
97,1,"0.757","0.312","-0.445","0.774","0.181","0.268"
98,1,"0.768","0.351","-0.417","0.747","0.205","0.314"
99,1,"0.403","0.318","-0.085","0.534","0.382","0.750"
100,1,"0.850","0.419","-0.431","0.608","0.332","0.604"
101,1,"2.574","0.623","-1.952","0.492","0.454","1.012"
102,1,"0.849","0.419","-0.430","0.608","0.332","0.603"
103,1,"0.433","1.544","1.111","0.094","0.873","8.353"
104,1,"0.395","0.237","-0.159","0.598","0.309","0.543"
105,1,"0.958","0.301","-0.658","0.813","0.148","0.211"
106,1,"0.724","0.302","-0.422","0.661","0.275","0.460"
107,1,"2.267","0.320","-1.947","0.879","0.096","0.129"
108,1,"2.416","0.214","-2.202","0.792","0.157","0.226"
109,1,"0.967","0.268","-0.699","0.838","0.126","0.176"
110,1,"5.853","0.168","-5.685","1.000","0.000","0.000"
111,1,"1.939","0.232","-1.707","0.959","0.029","0.036"
112,1,"0.778","0.275","-0.503","0.807","0.151","0.216"
113,1,"0.443","0.295","-0.148","0.576","0.342","0.631"
114,1,"0.715","0.359","-0.356","0.620","0.316","0.561"
115,1,"0.401","0.370","-0.032","0.497","0.422","0.888"
116,1,"2.140","0.257","-1.883","0.958","0.029","0.037"
117,1,"3.976","0.261","-3.715","0.972","0.020","0.025"
118,1,"0.851","0.412","-0.439","0.612","0.328","0.593"
119,1,"0.641","4.612","3.970","0.001","0.992","154.236"
120,1,"0.655","0.762","0.107","0.361","0.582","1.688"
121,1,"0.405","0.237","-0.168","0.603","0.305","0.532"
122,1,"0.353","2.586","2.232","0.010","0.983","71.608"
123,1,"0.481","0.280","-0.201","0.607","0.313","0.554"
124,1,"0.403","0.318","-0.085","0.534","0.382","0.750"
125,1,"0.395","0.660","0.264","0.272","0.671","2.476"
126,1,"4.003","0.316","-3.687","0.995","0.001","0.002"
127,1,"0.850","0.420","-0.431","0.608","0.332","0.604"
128,1,"6.321","1.021","-5.299","0.978","0.001","0.001"
129,1,"1.792","0.269","-1.523","0.941","0.042","0.054"
130,1,"0.401","0.270","-0.131","0.572","0.339","0.622"
131,1,"0.960","0.250","-0.710","0.730","0.211","0.325"
132,1,"2.416","0.215","-2.202","0.791","0.158","0.228"
133,1,"0.405","0.244","-0.162","0.597","0.311","0.549"
134,1,"1.754","0.622","-1.132","0.700","0.247","0.399"
135,1,"0.375","6.938","6.562","0.000","1.000","8634.688"
136,1,"0.559","1.623","1.064","0.125","0.835","6.158"
137,1,"0.715","0.359","-0.356","0.620","0.316","0.561"
138,1,"0.394","0.320","-0.074","0.526","0.389","0.772"
139,1,"1.579","0.971","-0.609","0.608","0.299","0.518"
140,1,"1.637","0.324","-1.313","0.892","0.082","0.109"
141,1,"0.576","1.967","1.391","0.098","0.866","7.876"
142,1,"1.391","2.537","1.146","0.131","0.778","4.255"
143,1,"0.849","0.419","-0.430","0.608","0.332","0.603"
144,1,"1.384","5.802","4.417","0.004","0.913","12.675"
145,1,"1.642","1.008","-0.634","0.639","0.277","0.466"
146,1,"0.462","0.246","-0.216","0.628","0.289","0.493"
147,1,"0.735","0.312","-0.423","0.769","0.185","0.275"
148,1,"0.981","1.203","0.222","0.401","0.518","1.308"
149,1,"1.787","0.261","-1.526","0.944","0.040","0.051"
150,1,"0.475","0.369","-0.106","0.539","0.386","0.763"
151,1,"0.379","1.450","1.071","0.082","0.889","9.706"
152,1,"0.366","2.166","1.801","0.029","0.957","26.981"
153,1,"3.183","0.304","-2.879","0.988","0.006","0.007"
154,1,"0.945","0.354","-0.591","0.776","0.182","0.269"
155,1,"0.402","0.319","-0.083","0.532","0.383","0.755"
156,1,"0.723","0.312","-0.411","0.653","0.282","0.477"
157,1,"7.370","0.537","-6.833","1.000","0.000","0.000"
158,1,"1.421","0.219","-1.203","0.932","0.050","0.063"
159,1,"1.444","0.266","-1.179","0.910","0.068","0.088"
160,1,"0.841","0.477","-0.363","0.581","0.360","0.682"
161,1,"0.397","0.514","0.117","0.341","0.594","1.775"
162,1,"0.397","0.642","0.245","0.279","0.663","2.390"
163,1,"0.707","2.232","1.524","0.133","0.826","5.761"
164,1,"1.742","0.721","-1.021","0.657","0.286","0.487"
165,1,"1.746","0.721","-1.025","0.658","0.286","0.487"
166,1,"0.577","1.983","1.406","0.097","0.868","7.957"
167,1,"0.399","0.477","0.078","0.368","0.565","1.575"
168,1,"0.604","1.440","0.836","0.156","0.799","4.836"
169,1,"2.760","0.381","-2.379","0.865","0.109","0.148"
170,1,"0.755","0.319","-0.436","0.768","0.186","0.278"
171,1,"0.761","0.450","-0.311","0.669","0.269","0.446"
172,1,"1.306","0.264","-1.042","0.902","0.073","0.096"
173,1,"0.672","0.665","-0.007","0.397","0.544","1.448"
174,1,"0.862","0.420","-0.442","0.609","0.331","0.601"
175,1,"0.859","0.315","-0.545","0.790","0.168","0.245"
176,1,"0.789","0.350","-0.439","0.752","0.201","0.305"
177,1,"2.339","0.327","-2.012","0.877","0.097","0.130"
178,1,"0.376","1.589","1.213","0.071","0.902","11.204"
179,1,"0.655","2.189","1.535","0.072","0.891","9.919"
180,1,"0.860","0.977","0.117","0.391","0.536","1.403"
181,1,"0.852","0.487","-0.366","0.579","0.362","0.690"
182,1,"0.675","1.560","0.885","0.173","0.771","4.093"
183,1,"0.405","0.542","0.137","0.330","0.606","1.871"
184,1,"0.786","0.250","-0.537","0.829","0.132","0.185"
185,1,"0.412","0.316","-0.095","0.541","0.375","0.730"
186,1,"0.708","0.742","0.034","0.416","0.509","1.260"
187,1,"0.600","1.552","0.952","0.126","0.831","5.983"
188,1,"0.745","0.258","-0.487","0.698","0.237","0.377"
189,1,"0.411","0.316","-0.095","0.541","0.375","0.730"
190,1,"0.777","2.134","1.357","0.105","0.842","6.463"
191,1,"0.643","2.621","1.978","0.028","0.949","22.401"
192,1,"5.290","0.352","-4.938","0.997","0.000","0.000"
193,1,"0.436","1.500","1.064","0.099","0.867","7.939"
194,1,"0.579","5.561","4.981","0.001","0.983","70.959"
195,1,"0.768","6.208","5.440","0.003","0.963","31.576"
196,1,"0.442","1.299","0.857","0.145","0.816","5.374"
197,1,"0.536","2.477","1.941","0.027","0.949","22.825"
198,1,"0.691","1.249","0.558","0.266","0.670","2.465"
199,1,"5.928","6.714","0.786","0.104","0.315","0.559"
200,1,"0.361","2.167","1.806","0.028","0.958","27.823"
201,1,"0.392","1.179","0.788","0.134","0.828","5.835"
202,1,"0.405","3.599","3.194","0.001","0.995","237.125"
203,1,"9.022","7.116","-1.905","0.248","0.066","0.085"
204,1,"13.431","7.104","-6.327","0.619","0.006","0.008"
205,1,"0.368","5.137","4.770","0.000","0.999","1081.205"
206,1,"0.636","2.838","2.202","0.004","0.982","65.318"
207,1,"0.939","6.484","5.545","0.000","0.986","84.705"
208,1,"0.380","1.569","1.190","0.074","0.899","10.803"
209,1,"0.716","5.297","4.581","0.005","0.965","33.214"
210,1,"2.418","0.961","-1.456","0.322","0.625","2.021"
211,1,"0.358","3.705","3.347","0.001","0.998","532.807"
212,1,"0.872","2.598","1.726","0.056","0.887","9.549"
213,1,"0.411","2.761","2.351","0.018","0.970","39.101"
214,1,"0.700","0.643","-0.056","0.502","0.427","0.906"
215,1,"0.375","6.487","6.112","0.000","1.000","4263.031"
216,1,"1.651","0.280","-1.370","0.913","0.065","0.085"
217,1,"0.366","2.169","1.803","0.029","0.957","27.058"
218,1,"0.395","0.658","0.264","0.272","0.671","2.477"
219,1,"0.404","0.237","-0.168","0.604","0.304","0.531"
220,1,"0.377","1.541","1.164","0.075","0.898","10.640"
221,1,"0.394","0.648","0.254","0.241","0.704","2.885"
222,1,"1.326","0.270","-1.056","0.918","0.059","0.077"
223,1,"0.338","0.296","-0.042","0.500","0.404","0.822"
224,1,"0.767","0.232","-0.534","0.840","0.122","0.168"
225,1,"1.232","0.330","-0.902","0.860","0.108","0.148"
226,1,"0.792","0.351","-0.442","0.639","0.299","0.519"
227,1,"0.404","0.209","-0.194","0.629","0.276","0.463"
228,1,"2.559","0.316","-2.244","0.967","0.021","0.026"
229,1,"1.497","0.714","-0.783","0.637","0.304","0.531"
230,1,"0.700","0.906","0.206","0.313","0.611","1.907"
231,1,"0.619","0.675","0.056","0.378","0.562","1.560"
232,1,"0.703","1.132","0.429","0.295","0.638","2.139"
233,1,"0.769","0.937","0.168","0.342","0.604","1.850"
234,1,"2.409","6.304","3.895","0.056","0.842","6.453"
235,1,"0.359","2.624","2.265","0.004","0.991","127.173"
236,1,"0.378","1.513","1.136","0.077","0.895","10.361"
237,1,"0.677","2.707","2.030","0.070","0.895","10.384"
238,1,"0.362","6.316","5.954","0.000","1.000","4766.520"
239,1,"0.841","0.478","-0.363","0.581","0.360","0.683"
240,1,"2.688","1.066","-1.622","0.620","0.317","0.564"
241,1,"0.841","0.477","-0.363","0.581","0.360","0.682"
242,1,"0.704","2.202","1.497","0.134","0.824","5.699"
243,1,"0.386","0.652","0.266","0.268","0.675","2.524"
244,1,"0.757","1.142","0.386","0.303","0.645","2.202"
245,1,"0.401","0.369","-0.032","0.497","0.422","0.888"
246,1,"0.742","0.238","-0.504","0.831","0.129","0.180"
247,1,"0.361","2.688","2.328","0.015","0.977","50.889"
248,1,"0.590","1.062","0.471","0.232","0.716","3.065"
249,1,"2.726","0.378","-2.347","0.865","0.108","0.148"
250,1,"0.763","0.242","-0.521","0.832","0.129","0.180"
251,1,"0.377","1.531","1.154","0.075","0.897","10.582"
252,1,"0.387","0.998","0.611","0.153","0.804","4.997"
253,1,"0.671","0.323","-0.348","0.635","0.299","0.518"
254,1,"0.401","0.319","-0.083","0.532","0.383","0.755"
255,1,"0.720","0.523","-0.197","0.591","0.341","0.630"
256,1,"1.506","0.652","-0.854","0.664","0.279","0.470"
257,1,"1.509","0.653","-0.856","0.664","0.279","0.471"
258,1,"0.395","0.638","0.243","0.279","0.663","2.388"
259,1,"2.052","0.257","-1.795","0.955","0.032","0.040"
260,1,"0.841","0.477","-0.363","0.581","0.360","0.682"
261,1,"7.421","0.375","-7.046","0.973","0.019","0.024"
262,1,"0.395","0.635","0.239","0.281","0.661","2.369"
263,1,"0.401","0.370","-0.032","0.497","0.422","0.888"
264,1,"0.394","0.320","-0.074","0.526","0.389","0.772"
265,1,"0.392","0.777","0.385","0.239","0.709","2.958"
266,1,"0.851","0.420","-0.431","0.608","0.332","0.605"
267,1,"0.635","0.989","0.354","0.259","0.688","2.679"
268,1,"3.920","0.214","-3.705","0.999","0.000","0.001"
269,1,"0.476","0.371","-0.106","0.539","0.386","0.764"
270,1,"0.655","0.716","0.061","0.337","0.605","1.857"
271,1,"0.618","1.262","0.644","0.209","0.743","3.507"
272,1,"0.843","0.479","-0.364","0.581","0.360","0.683"
273,1,"0.389","1.009","0.620","0.153","0.805","5.018"
274,1,"4.801","0.155","-4.646","1.000","0.000","0.000"
275,1,"0.395","0.319","-0.076","0.527","0.387","0.767"
276,1,"0.794","0.352","-0.442","0.638","0.300","0.521"
277,1,"0.404","0.309","-0.095","0.541","0.374","0.724"
278,1,"0.404","0.318","-0.085","0.533","0.382","0.750"
279,1,"1.460","1.963","0.502","0.239","0.675","2.526"
280,1,"0.852","0.413","-0.439","0.612","0.328","0.594"
281,1,"0.755","1.152","0.396","0.302","0.646","2.219"
282,1,"1.773","0.312","-1.461","0.924","0.056","0.071"
283,1,"0.842","0.479","-0.364","0.581","0.360","0.683"
284,1,"1.854","0.329","-1.525","0.860","0.111","0.152"
285,1,"0.476","0.370","-0.106","0.539","0.386","0.764"
286,1,"0.488","0.174","-0.314","0.706","0.208","0.319"
287,1,"0.840","0.309","-0.530","0.791","0.167","0.243"
288,1,"0.770","0.352","-0.418","0.747","0.205","0.314"
289,1,"1.271","2.656","1.385","0.127","0.786","4.450"
290,1,"2.751","0.374","-2.377","0.867","0.106","0.145"
291,1,"2.964","0.223","-2.741","0.990","0.006","0.008"
292,1,"3.282","0.512","-2.770","0.981","0.010","0.012"
293,1,"0.805","0.360","-0.445","0.635","0.304","0.531"
294,1,"0.769","1.189","0.419","0.298","0.650","2.253"
295,1,"0.727","0.369","-0.359","0.617","0.320","0.571"
296,1,"0.390","1.345","0.955","0.117","0.848","6.777"
297,1,"0.489","0.329","-0.160","0.572","0.351","0.658"
298,1,"2.025","0.238","-1.787","0.960","0.028","0.035"
299,1,"0.863","0.429","-0.434","0.605","0.336","0.614"
300,1,"0.414","2.687","2.273","0.012","0.977","52.237"
301,1,"2.422","0.223","-2.199","0.785","0.164","0.238"
302,1,"3.832","0.244","-3.588","0.997","0.002","0.002"
303,1,"0.856","0.489","-0.367","0.578","0.363","0.692"
304,1,"0.475","0.256","-0.218","0.624","0.294","0.506"
305,1,"1.821","0.639","-1.182","0.698","0.250","0.405"
306,1,"0.856","0.489","-0.367","0.578","0.363","0.692"
307,1,"1.035","0.175","-0.860","0.910","0.065","0.084"
308,1,"0.760","0.323","-0.437","0.766","0.188","0.282"
309,1,"2.531","0.242","-2.288","0.981","0.012","0.015"
310,1,"0.745","0.735","-0.010","0.479","0.451","0.998"
311,1,"0.413","0.330","-0.083","0.531","0.386","0.763"
312,1,"1.950","0.238","-1.712","0.911","0.068","0.089"
313,1,"0.801","0.663","-0.138","0.531","0.400","0.809"
314,1,"1.210","0.442","-0.768","0.818","0.138","0.195"
315,1,"2.706","0.147","-2.560","0.995","0.003","0.004"
316,1,"0.728","0.369","-0.359","0.617","0.320","0.572"
317,1,"2.408","0.202","-2.206","0.800","0.148","0.211"
318,1,"3.042","0.496","-2.546","0.966","0.021","0.026"
319,1,"0.405","0.318","-0.087","0.535","0.381","0.747"
320,1,"0.474","0.256","-0.218","0.624","0.294","0.505"
321,1,"0.760","0.321","-0.439","0.767","0.187","0.279"
322,1,"2.544","0.641","-1.903","0.480","0.466","1.059"
323,1,"2.874","0.383","-2.491","0.866","0.107","0.146"
324,1,"0.726","0.534","-0.193","0.584","0.347","0.647"
325,1,"0.665","0.789","0.124","0.356","0.587","1.727"
326,1,"0.397","1.007","0.610","0.158","0.799","4.840"
327,1,"7.641","5.629","-2.012","0.382","0.003","0.004"
328,1,"0.728","0.369","-0.359","0.617","0.320","0.572"
329,1,"3.071","0.283","-2.788","0.984","0.010","0.012"
330,1,"2.422","0.223","-2.198","0.784","0.164","0.239"
331,1,"1.123","0.652","-0.472","0.654","0.276","0.463"
332,1,"0.713","0.787","0.074","0.447","0.483","1.136"
333,1,"2.703","0.218","-2.484","0.987","0.008","0.010"
334,1,"0.647","5.746","5.098","0.002","0.975","47.763"
335,1,"0.414","0.328","-0.086","0.533","0.384","0.757"
336,1,"0.396","0.681","0.284","0.266","0.678","2.553"
337,1,"3.177","0.205","-2.972","0.996","0.002","0.003"
338,1,"0.864","0.430","-0.434","0.605","0.336","0.614"
339,1,"0.415","0.220","-0.195","0.626","0.282","0.476"
340,1,"0.469","0.681","0.213","0.312","0.630","2.065"
341,1,"3.373","0.271","-3.102","0.993","0.004","0.004"
342,1,"0.782","0.976","0.193","0.336","0.610","1.899"
343,1,"0.469","0.682","0.213","0.312","0.630","2.068"
344,1,"1.754","0.932","-0.823","0.554","0.379","0.741"
345,1,"0.487","0.380","-0.107","0.538","0.388","0.771"
346,1,"6.798","0.189","-6.609","1.000","0.000","0.000"
347,1,"0.864","0.430","-0.434","0.605","0.336","0.614"
348,1,"2.570","0.904","-1.666","0.788","0.148","0.211"
349,1,"0.855","0.489","-0.366","0.579","0.363","0.691"
350,1,"0.399","0.538","0.140","0.328","0.609","1.891"
351,1,"0.952","0.247","-0.705","0.852","0.114","0.156"
352,1,"0.794","0.215","-0.579","0.859","0.106","0.144"
353,1,"1.406","0.276","-1.131","0.920","0.058","0.075"
354,1,"0.486","0.379","-0.106","0.538","0.388","0.770"
355,1,"0.684","0.338","-0.346","0.627","0.307","0.538"
356,1,"0.490","0.320","-0.170","0.580","0.344","0.636"
357,1,"0.474","0.256","-0.218","0.624","0.294","0.505"
358,1,"1.289","0.337","-0.951","0.861","0.108","0.146"
359,1,"0.643","1.036","0.393","0.252","0.696","2.778"
360,1,"1.317","0.266","-1.052","0.902","0.074","0.096"
361,1,"0.864","0.430","-0.434","0.605","0.336","0.614"
362,1,"1.790","3.945","2.154","0.072","0.790","4.582"
363,1,"2.083","0.160","-1.923","0.982","0.012","0.015"
364,1,"0.546","2.678","2.132","0.025","0.951","23.755"
365,1,"0.608","1.523","0.915","0.147","0.809","5.154"
366,1,"0.562","2.873","2.311","0.032","0.943","19.996"
367,1,"1.579","0.668","-0.911","0.664","0.279","0.471"
368,1,"1.040","1.453","0.412","0.322","0.591","1.756"
369,1,"0.875","0.438","-0.437","0.602","0.339","0.622"
370,1,"0.694","0.346","-0.349","0.625","0.311","0.547"
371,1,"0.403","1.336","0.933","0.124","0.840","6.388"
372,1,"0.875","0.438","-0.437","0.602","0.339","0.622"
373,1,"0.543","2.521","1.978","0.042","0.932","16.755"
374,1,"3.934","0.652","-3.282","0.882","0.088","0.117"
375,1,"0.637","0.726","0.089","0.367","0.575","1.644"
376,1,"0.729","1.066","0.337","0.321","0.609","1.895"
377,1,"0.432","6.024","5.592","0.000","0.998","608.641"
378,1,"0.877","0.431","-0.446","0.606","0.335","0.612"
379,1,"0.957","3.898","2.940","0.022","0.924","14.690"
380,1,"2.992","1.159","-1.833","0.617","0.318","0.566"
381,1,"0.413","0.338","-0.075","0.525","0.393","0.785"
382,1,"0.887","0.295","-0.592","0.808","0.152","0.217"
383,1,"7.862","6.537","-1.325","0.212","0.004","0.005"
384,1,"0.602","1.347","0.745","0.194","0.760","3.843"
385,1,"0.817","0.369","-0.448","0.631","0.308","0.540"
386,1,"0.690","0.375","-0.315","0.606","0.330","0.598"
387,1,"0.694","0.345","-0.349","0.625","0.311","0.547"
388,1,"0.875","0.438","-0.437","0.602","0.339","0.622"
389,1,"0.632","0.800","0.169","0.344","0.599","1.816"
390,1,"0.868","0.498","-0.369","0.576","0.365","0.699"
391,1,"0.383","5.372","4.990","0.000","0.999","953.942"
392,1,"1.376","0.527","-0.848","0.783","0.168","0.245"
393,1,"0.397","1.403","1.006","0.115","0.851","6.926"
394,1,"0.424","0.255","-0.170","0.600","0.313","0.553"
395,1,"0.425","0.255","-0.170","0.599","0.313","0.553"
396,1,"0.423","0.329","-0.094","0.538","0.380","0.744"
397,1,"0.403","1.105","0.702","0.148","0.811","5.205"
398,1,"0.649","1.079","0.429","0.246","0.702","2.867"
399,1,"0.462","1.107","0.645","0.177","0.778","4.255"
400,1,"0.425","0.228","-0.197","0.624","0.286","0.486"
401,1,"0.766","2.909","2.143","0.031","0.929","15.949"
402,1,"0.427","2.374","1.946","0.031","0.952","24.263"
403,1,"2.808","0.424","-2.384","0.974","0.017","0.021"
404,1,"0.744","0.553","-0.191","0.577","0.355","0.669"
405,1,"0.877","0.439","-0.438","0.602","0.339","0.623"
406,1,"0.869","0.500","-0.369","0.576","0.365","0.699"
407,1,"0.819","0.223","-0.596","0.855","0.109","0.149"
408,1,"0.868","0.499","-0.369","0.576","0.365","0.699"
409,1,"0.867","0.498","-0.369","0.576","0.365","0.698"
410,1,"0.414","0.265","-0.150","0.585","0.327","0.591"
411,1,"2.413","0.209","-2.203","0.795","0.154","0.221"
412,1,"1.599","2.607","1.008","0.192","0.633","2.092"
413,1,"0.428","2.292","1.864","0.034","0.948","22.109"
414,1,"0.370","3.465","3.095","0.002","0.995","254.728"
415,1,"3.722","0.651","-3.070","0.964","0.015","0.018"
416,1,"1.644","1.559","-0.085","0.340","0.578","1.665"
417,1,"1.298","0.354","-0.944","0.853","0.114","0.157"
418,1,"0.539","2.925","2.386","0.029","0.949","22.453"
419,1,"1.264","0.311","-0.953","0.873","0.097","0.131"
